email,password
zanyRebekah@outlook.com,>X+vWV9N
preciousLouis@yahoo.in,w@/nuR33
Heathergrotesque@home.nl,tV>nD)d7
bewilderedAmelia63@rambler.ru,Y+8$/^4p
Mariefine@neuf.fr,4cr.Tu3.
tenseNatasha@sky.com,m3EqTs.+
Kevinsparkling@yahoo.co.jp,n!]9(SDg
Kerinaughty@att.net,JH2u}*bp
realJimmy31@rediffmail.com,jG6Xd$=E
Jacquelynbeautiful@live.co.uk,6xXX!+9-
curiousGlenn@planet.nl,zn7rYY6{
grievingRobyn@blueyonder.co.uk,7gCtd=bc
condemnedCandice96@orange.fr,JdMg%BL8
impossibleEmmanuel@sympatico.ca,z{a5G^8v
grumpyToni3@hotmail.es,c$L/j$L8
scaryCarmen43@web.de,ETjw>Z.4
charmingBrittney@yahoo.com.mx,Gf@c9d}{
Traviscute@tiscali.it,J>VdnJh6
embarrassedPeter16@arcor.de,H2s{n$XQ
worrisomeNancy@hotmail.com,wddawda
Bonniecharming@rediffmail.com,/kbn7rRa
Adamadventurous@live.com.au,asA^!9ja
Jennaugliest@ymail.com,(p%FRx6t
Juliesplendid@yahoo.co.jp,wT7fs_Y%
Aaronannoyed@aliceadsl.fr,_*Mk}a5m
soreAmy17@facebook.com,nDa>Cf9Z
Carmencheerful@arcor.de,[xr6quCS
sparklingTrisha84@gmail.com,3s?t7L&x
Kathrynnasty@gmail.com,Nr6}HUwa
plainDennis12@yahoo.co.uk,7nStv$J3
Rickyexuberant@alice.it,w7{d]MWR
unsightlyArmando65@bellsouth.net,*2SxQCE>
brainyJason16@tiscali.it,5+c2QBEd
perfectMartha22@me.com,BZc3hD]v
modernTracy@hetnet.nl,pKv%h!E2
franticNathaniel69@bigpond.net.au,@2YfC$/G
Theodoresparkling@juno.com,z}KF[7n/
Ginaunsightly@uol.com.br,+=U7BrLD
zealousJake@yahoo.ca,Hu^+4)xu
Lindaannoyed@telenet.be,.?s7Kmb^
Barbaraupset@virgilio.it,T4_m(fUa
depressedGregory@qq.com,({6R2^Vp
exuberantRobyn28@ig.com.br,-=d+zVD6
Lesliesleepy@googlemail.com,s*Zzf5N$
grievingZachary55@libero.it,v@)6Th@-
outrageousEvelyn@rambler.ru,f]w2MvLN
distinctPhillip@live.it,K$[8XpXV
blueRoss70@att.net,?FE3tM%A
blackCarla@bigpond.com,24qNZy}P
Ricardodifficult@aliceadsl.fr,q9=DXs=J
lightKarl@gmail.com,p]hN$e9/
deadAnna84@yahoo.in,nF(A@!}6
helpfulAndre6@arcor.de,#NAME?
stormyCarl39@tiscali.co.uk,u!4X&+f*
Hollycrazy@yahoo.es,!Z3k+tvs
jollyVeronica93@bluewin.ch,T2vuqc?Z
Derrickcombative@windstream.net,A7JB9pp{
sillyDawn@t-online.de,BKGH%2{v
Valerieinquisitive@qq.com,H=ta43>b
Annegood@zonnet.nl,+Ht5q!^G
Mariacourageous@live.com.au,94s=zRzK
Joecruel@uol.com.br,fAu2P{VP
helplessJesus11@bol.com.br,77TPb[P-
lazyDarrell@ymail.com,R{q(cgu5
aliveDominic37@live.com,bd_x]L5P
funnyJohn62@earthlink.net,D[Xc2%MX
Wayneclever@charter.net,6NPy^f7z
richOscar@bigpond.net.au,e!VhJJ5%
elegantBlake93@home.nl,8+/WF/sQ
Omarsparkling@ntlworld.com,2zBRH^L*
wildMeagan72@rocketmail.com,.aw{>Sn5
soreDale37@zonnet.nl,)B9tZ{qj
toughLance59@sbcglobal.net,6+U&6BwA
amusedAnn@yahoo.com.au,)b2u4{Bs
courageousCarlos@outlook.com,L!.*4G%b
cuteJesus@verizon.net,Ldp2NH^$
creepyArmando@hotmail.com,NNUh_5@U
Prestonawful@outlook.com,+r2WtC>x
Kellyelated@googlemail.com,etZG{5ya
Heathermysterious@shaw.ca,]6/wrFz$
creepyMeredith36@yahoo.de,yx34=^Ht
victoriousWesley@aol.com,9&a6MK)/
gentleAmber40@neuf.fr,D4+=6wmq
tamePaul@web.de,js9ZUu@d
unsightlyAlison@uol.com.br,3v-fg!$Q
Ashleigheager@windstream.net,V}7YgnYN
Darrylpanicky@charter.net,]pYK@9=8
realMelanie91@yahoo.com.mx,*?[xE(X5
blue-eyedJonathan@hotmail.com,q$3spQ/]
Darrellbreakable@club-internet.fr,mQ=U6Kh+
Chadenchanting@libero.it,]]f3T]*9
blue-eyedTanya78@aol.com,UeG!8_J$
wearyAshleigh@wanadoo.fr,$rEAd3{Y
blueAlbert@planet.nl,3eZ%{gcY
Oscarfantastic@tin.it,x}6f7%Nf
superJanelle88@mail.ru,5{yH.S8L
gentleEvan60@bigpond.net.au,8+CtE)vg
outstandingMatthew75@rocketmail.com,c5m{UHX*
awfulFernando@juno.com,5tUbQ^Y/
attractiveDanny@yahoo.it,4Rz)BG)9
famousKarl@yahoo.in,@5SaLN{T
Garretthappy@uol.com.br,7HM+c3Re
adventurousWesley39@home.nl,?36f]Sx*
motionlessSandra29@verizon.net,6nq=PbU!
encouragingGarrett24@bluewin.ch,V4+{u)[c
badRoberto67@yahoo.in,Y3(_?gRQ
jealousMeghan36@home.nl,!bN8bNAP
dizzyCandice41@yahoo.com.au,e9w$qUCw
Samanthadark@verizon.net,P9t=zLAb
boredKatelyn36@wanadoo.fr,T(3=mcsC
ashamedMandy@sbcglobal.net,Mv7G4!T6
glamorousHillary@live.fr,dY5eT-?p
Joyfriendly@outlook.com,6kh+Q[_j
Heidimotionless@laposte.net,+_%NmwD4
Nicholelight@msn.com,x*sRfJv4
Johnnydizzy@bol.com.br,n5jf^QwW
Brandishy@earthlink.net,gVp7B.{&
muddyCody@live.nl,mktL5Dv.
handsomeAustin75@mail.com,kz?xMR8u
homelessLauren@yahoo.com.ar,8fgUUw/7
Jillianvast@yahoo.com.sg,)$Pb3[m$
cleanSamuel96@me.com,uG@hKn{4
charmingCameron73@frontiernet.net,>4H?E)4d
annoyedTanya42@facebook.com,-V8dEpD+
Hillaryprickly@googlemail.com,/U3+84%c
Nicolastroubled@gmx.de,bq2e*Ec.
Christineblushing@mail.com,275M)TkA
Rossdrab@wanadoo.fr,uvE9+Mh.
handsomeAbby93@free.fr,{W}GrG*2
defeatedBobby61@yahoo.com.ar,af?5WwhU
Trevorimpossible@yahoo.com.au,xTq9*kb2
Katherineadorable@live.com,8b=-Gqb)
cuteJesus@terra.com.br,%bv}k6&K
tenseCarla0@hotmail.co.uk,B7/^%Rgk
Johnathandizzy@hotmail.com,5KBfQ@h%
unusualDesiree55@yandex.ru,Jp{H9s=/
fantasticAlison@frontiernet.net,hS=}FE46
strangeAlex35@bigpond.com,FLw48LX_
Jackcrazy@bigpond.net.au,Rx%!cQw8
sillyLatoya70@laposte.net,L{^ZBh2!
fierceFernando72@club-internet.fr,7Yx7/C/@
wide-eyedNicholas@hotmail.co.uk,Xyt^PnJ7
mushyLindsay@yahoo.com.ar,968h+ZQ-
condemnedBrett@comcast.net,kK%9cRjX
mysteriousAaron42@yahoo.ca,GR3nmL@J
delightfulSamuel@facebook.com,u4d*_eM-
helplessBridget@bigpond.com,4h%HW}2q
brightTiffany@yahoo.com,N}L4LVwq
carefulRonnie@sympatico.ca,Q$9>k{qT
Annjoyous@aol.com,tAkD3&G?
blushingAndrea@gmail.com,Dac&4rXw
angryBradley81@arcor.de,8]ragvFZ
Jeremiahbeautiful@yahoo.fr,wE[R{+5n
embarrassedAudrey@voila.fr,xK9vY+q/
troubledJaime86@ig.com.br,HNzr5yu-
richKayla2@facebook.com,Ft3BZKG-
Kathleenclumsy@rocketmail.com,W[RZ5_kB
Reneefragile@live.nl,9nMy/.sD
Darrellbright@mail.ru,/CBHu7dG
Caradisgusted@hetnet.nl,8K8x@b!A
Chasetender@earthlink.net,uT&ca5]h
Jeremiahcrowded@terra.com.br,ewQ*X9%@
mistyMarco@gmx.net,b7B&?jn-
filthySummer@club-internet.fr,J$)AT3qV
gorgeousGabriel76@wanadoo.fr,y2aVs6/q
Seanopen@mac.com,8LS7$eWF
Ruthdangerous@skynet.be,K_mknTj9
adventurousRicardo95@bigpond.net.au,)9}pbQKx
grotesqueMelanie@ntlworld.com,*Dz+Pms2
modernColin@aol.com,y+W&4}.D
Kendradisturbed@bellsouth.net,@jS9jf_u
expensiveCassandra46@laposte.net,BbX6*EF&
openBrooke@skynet.be,HmCu6V&B
old-fashionedToni@me.com,_!nyUn4^
blue-eyedBrenda16@voila.fr,p&xcv?K6
Rosablue-eyed@yahoo.com.br,9J{((uj9
Virginiabewildered@ntlworld.com,C({ha64/
stormyNikki53@shaw.ca,mA8G>[Eh
enchantingRoger78@hotmail.es,5Hda=BL*
Samuelexpensive@hetnet.nl,_RJ3)g@H
carefulIvan@bigpond.com,Xu3xs>[^
lovelyCurtis90@aol.com,63bH.4P[
curiousAlbert52@yahoo.in,qWTFL6e[
wearyMichele@earthlink.net,M3z+G.De
mistySeth66@centurytel.net,$K9P*ey]
Ronniecurious@home.nl,^{h6m@RK
soreMarisa72@verizon.net,k2@4/fK3
Sheilamodern@club-internet.fr,c4U[>Xf9
Robingentle@charter.net,4_V%x7^-
impossibleAlexander96@hotmail.de,{qT2D%Bg
Terrancedrab@yahoo.co.in,RC6Ru&G9
Juliefrail@rambler.ru,TUxBP3&t
innocentJoe@frontiernet.net,!sz4$$vS
curiousKyle67@juno.com,2%AZWan$
Kericrazy@uol.com.br,hg/n3_8F
Tonigleaming@juno.com,bat3>A&r
wrongKatie@chello.nl,2_%[X-)g
bewilderedMartin97@t-online.de,&r&gM%59
Carlyconcerned@gmail.com,ZLX9p*Pq
wide-eyedJoshua39@hotmail.com,2w*Kq(sj
Brucehappy@freenet.de,M^*K[z?9
Angelicaenergetic@yahoo.de,@$vZwe4+
doubtfulSierra37@uol.com.br,S+.z!2{_
clearKatie24@bellsouth.net,uM2J^r9b
Caseytense@comcast.net,H2C]}pxB
dullJerome@verizon.net,bJ9vFyA.
brightAimee89@zonnet.nl,P4sj_9fX
eagerJesse@hetnet.nl,U{@fbEG8
Williamhelpful@mac.com,>8]mvgSg
modernAdrian14@tiscali.co.uk,AG4y^62h
Erikcrowded@rediffmail.com,6ztVm>L8
busyMegan72@gmx.de,4>c.B[m.
talentedTyrone70@yahoo.com.ar,=-gnG=4]
lonelyRandy56@sky.com,b$v(.{2H
realJustin97@home.nl,rp2J.LLa
clearMonique@verizon.net,B5>cy3cS
lonelyMallory5@telenet.be,9Kz(s[].
wide-eyedCraig@ig.com.br,y][8yZEE
inexpensiveSabrina62@mail.com,}2*5?vGR
scaryJill97@live.nl,fyPGHn-8
aliveCrystal65@optusnet.com.au,JhnhUT&5
Aaronbewildered@yahoo.de,gczq-4G4
talentedJacquelyn27@juno.com,wT?N6>@E
Janetgentle@mail.ru,D87/wZME
motionlessColleen16@skynet.be,%DXZpX8d
Stefaniecalm@bigpond.com,zrs!jC6B
Kateblue@terra.com.br,-E4eC5!u
determinedMallory17@frontiernet.net,U5mMH2B[
mistyRegina@ymail.com,9JcNN>42
happyMarc39@yahoo.co.uk,h)N9zWj@
itchySophia48@terra.com.br,@5*vJct=
splendidJill@bellsouth.net,vV}6V}DB
shyJaime@yahoo.ca,[WpLKn5F
grumpyJeffrey@hotmail.co.uk,bX5Tm[_8
calmRodney@yahoo.com.au,a6ZDFJ}_
calmSavannah@freenet.de,RyE)z[99
Annaworrisome@hotmail.fr,A6f+%BsE
Kristineperfect@web.de,.V4J/gLN
motionlessCharles51@aim.com,=d}Q@)32
muddyKristin@cox.net,C/p(x3Uv
Daisygentle@arcor.de,L45gHx=_
Barryexpensive@neuf.fr,e&[3LC=>
Derekdrab@gmx.de,m7>jPV7j
Kristytalented@centurytel.net,8/6xp5Nh
giftedLeonard84@me.com,_SLk]_7s
sparklingTasha53@tiscali.it,2C9u)tVH
Grantcooperative@chello.nl,CY])7d*A
adorableSara55@hotmail.it,3hbda+V8
Lawrenceproud@orange.fr,#NAME?
lightAshley66@hotmail.it,7t2ak(Ar
clumsyDiane38@tiscali.co.uk,e>s>-5eN
Ashleetroubled@aim.com,W$5)(Ea*
tiredDarrell@free.fr,#NAME?
Bethanyitchy@optonline.net,uYAj>A5.
Joannaevil@sky.com,g!Js8N@{
Suzannesparkling@outlook.com,Y*CF(s3U
beautifulRafael20@bluewin.ch,xRPx8JF)
cleanSandra@home.nl,U@L78gMP
Maggievictorious@hotmail.com,6DB%dCYw
realJanelle99@terra.com.br,[8hw$BEK
tenderHector@frontiernet.net,N[uh7Nx9
magnificentLindsey87@yahoo.de,X4mEFV4!
niceRosa27@live.nl,m@n9CF+X
Whitneyshiny@googlemail.com,5sj-qw(G
fantasticTammy20@facebook.com,ahuY8?hr
Carolyntroubled@live.it,sW_2YR=L
bloodyCory40@rediffmail.com,Y%K7+&a{
fineLogan@telenet.be,]2]G^uxc
Brandyworrisome@cox.net,b9sgaU)A
Oscarpoor@tiscali.it,9YA>X{g6
obnoxiousAlbert63@yahoo.co.id,?9kh]+Jy
easyAmber38@voila.fr,A6mSE22^
drabCassandra61@live.com,}eB2/)$p
Robertoconcerned@yahoo.fr,9XMgnQ?D
Patriciafrantic@rocketmail.com,/KxUp6{D
Pedrosuper@blueyonder.co.uk,UgPBjZ)2
jollyTanya99@gmx.de,fnawS%8$
amusedStephen21@bigpond.com,+4stwS^G
annoyingTabitha91@live.fr,SZ5C(wV_
Laceybrainy@optonline.net,N6ajY/wB
depressedMallory@comcast.net,)^2x5>&H
quaintMarcus89@virgilio.it,^%UD/M5h
Joelquaint@skynet.be,@68xAbEM
Michaelvivacious@libero.it,9{Dfn$4w
Carolinehelpless@hotmail.fr,7Wu[c7=^
Derekangry@hetnet.nl,]>}Jy5N.
Sethbright@hotmail.com,F7H5k$yY
frightenedNathaniel81@planet.nl,qmrM/2nU
obnoxiousJenna20@yahoo.co.in,$R7Pr2Jr
Sheenatasty@live.co.uk,[c+!@7H@
thoughtfulZachary@charter.net,_5RC8JNs
ugliestJoel75@sbcglobal.net,dg6EP$8S
nuttyMartha@rocketmail.com,5!97H$m%
gloriousAlisha@tiscali.co.uk,g(4Dnw!D
worriedLatoya@yahoo.com.ar,FY7&+THr
Adrianupset@juno.com,g(Gta5nC
nastyKaitlin95@planet.nl,z4pP*ZtV
naughtyArmando75@tin.it,[}t}3eFX
hurtBrooke@tiscali.co.uk,Q-y!f^8m
curiousGrant81@mail.com,Y4pe4cQ&
confusedSarah88@live.fr,m&L8&)uX
boredMichael5@t-online.de,g+hTucG4
annoyingBrianna@yahoo.com.mx,YhAB]u5w
agreeableRose21@bigpond.com,_WHuM/{2
Carlaodd@facebook.com,.>A49tXD
Royinexpensive@bellsouth.net,%u.e6B25
Daleeager@hotmail.de,cm=geJ5F
zealousNichole44@neuf.fr,*qQD>4cS
Pamelastupid@centurytel.net,#NAME?
toughBarbara30@live.com.au,B=F{7!z+
Hillarydetermined@hotmail.de,>NUDbQ5k
proudRosa@gmx.net,p2n5_/P?
amusedJustin93@centurytel.net,}t7=2rDY
toughTrisha@rambler.ru,{6[ZT%k6
fineKaitlin@earthlink.net,cG(+2mVk
Aliciaeasy@t-online.de,L9+^QjCz
Michellemotionless@aim.com,>t=A9B(t
frailTheresa@home.nl,.8.VF_y=
crowdedGerald@orange.fr,^pznAg.9
Hillaryattractive@bigpond.net.au,4Tw?-7.9
nervousNatasha80@gmail.com,.pP3FkC[
Susanopen@bellsouth.net,@Nm+pm7S
Moniquegrumpy@home.nl,D3h6T2s)
braveEdward17@mail.ru,!v-TFt8m
frightenedPaul17@aim.com,=7yV][J+
Jackfunny@yahoo.co.jp,/7Ev)8eS
vivaciousDaisy82@yahoo.com.sg,M5-w.(-p
vastPeter51@qq.com,wq3uV=^/
Meghanhelpless@yahoo.co.jp,m6tj@TDP
lazyTammy@gmx.net,w533//GF
faithfulKristin56@cox.net,gDQ^4[}S
bewilderedDawn@googlemail.com,q}6^X).W
cleanAlexandra@libero.it,rXYy%4m]
Nikkiblue@shaw.ca,e}F9dZ4E
luckyClinton@aliceadsl.fr,3q>kTyzu
splendidCarla@earthlink.net,9fm{BqP!
putridJanelle36@t-online.de,UFDt!+>6
tenseSamuel31@mail.com,HPpsq74{
jealousKatherine77@voila.fr,]W8.4dJN
doubtfulJesus@live.nl,X7e{3nD5
cooperativeMelanie20@ntlworld.com,8MYaHL^?
blushingKenneth6@live.com.au,pQ/&M6)?
Carlyalive@zonnet.nl,HESJ^2p%
angryJulian94@tin.it,/Cn)43m>
Dawnbright@telenet.be,CYr9rHp&
exuberantKeri81@web.de,Tqq7G}rZ
Kimberlymysterious@live.com.au,Qqu6$9[g
curiousClinton54@bol.com.br,?T[9fwFX
adventurousStephanie@yahoo.com,3cAdw^{h
blue-eyedJay22@ig.com.br,e77jU/Jm
Carmenimportant@qq.com,RPp6V+ma
smilingMarie@yahoo.com.sg,yU82h4]C
Keriaggressive@earthlink.net,/6r3.Tfd
talentedCarrie36@yahoo.com.ar,pmgeAZ%7
Fernandodelightful@libero.it,cf=9?DZr
soreRoger@charter.net,vQY6Kw)}
Donaldanxious@tiscali.co.uk,cw^y?uF8
luckyMicheal@yahoo.ca,P92BU)tP
awfulCandice@live.fr,3UR%_Sa3
mushyJames@hotmail.com,3puDYa>n
Devinbetter@live.it,X%aw^y8B
Kennethnutty@yahoo.es,x9@fPGg(
attractiveJerry76@yahoo.co.in,H?>z{}8d
lonelyJake@bellsouth.net,4gH[/EVN
longKaitlin@yahoo.de,QMN9}j}L
strangeLauren95@ymail.com,Jv5]?&qc
Johnnythoughtful@juno.com,2x^=/Eec
crazyGerald@yahoo.com.sg,wF@(7d}[
lovelyJuan@aol.com,UTrvKx5{
boredLindsay@terra.com.br,/4d(HZwQ
fiercePhilip@yahoo.in,9%m=WTZm
Henrybetter@yahoo.com,d@XP6B85
Marisablushing@hotmail.es,tXR5/{/2
blushingMorgan@gmail.com,=4>We@tZ
vivaciousMelanie@live.nl,Q?{Vf4Q^
elatedSean@yahoo.ca,aXq9dNg$
homelessDominique@terra.com.br,c!9(^hND
Tyroneclear@yahoo.com.ar,KcUFe5!Q
soreRobin54@charter.net,b$x3dZm{
Krystleitchy@hotmail.fr,}Z2_3?Ep
tastyIan34@rediffmail.com,}4?j[@M+
Tylercreepy@bluewin.ch,?.Rc3GUE
jitteryMartin44@msn.com,?pU9YmUp
glamorousJames28@qq.com,57^Qk}/K
cleanMiguel66@skynet.be,KJ?t@(R9
Katehandsome@bigpond.net.au,>p6-{(^D
confusedSavannah@planet.nl,NHT2Q=Nf
fineMaggie@rambler.ru,wXSu_*5B
fragileEvelyn@yahoo.com.sg,Cec?Q5D/
vivaciousGrace@hotmail.es,M2?k*}+H
Hillarybloody@optonline.net,p*8r7GXC
fragileDenise71@gmx.de,Nkq>WhA7
frightenedMarc39@outlook.com,VQLFG3+c
Yolandadark@virgilio.it,}x5Gg3f2
Brittanybetter@skynet.be,6dDn@Q%W
helplessAdrienne97@terra.com.br,5]w4}ESS
Jacquelynputrid@gmail.com,q2@T]aVs
tastyKatrina@yahoo.fr,{e5EF/&T
expensiveCourtney@live.fr,9VJuj{JG
grievingVincent@hotmail.it,+tJx&j2)
superMichele@laposte.net,>GT8B9y+
talentedSandra43@hotmail.co.uk,2M3C{^rw
defeatedEric@bigpond.com,r+7Vg2^{
Mathewrepulsive@sky.com,a7Kut2k}
smoggyTimothy99@mail.com,2jXUx[?$
encouragingKellie@live.ca,.5w?}DaN
Stacyencouraging@neuf.fr,nMV!2h83
Dianainexpensive@mail.com,WHc9%FfU
eagerAlexandra87@arcor.de,ey5m}-K5
Ginagorgeous@yahoo.co.jp,^De&e6=q
amusedEdward73@ymail.com,H!DRkEG2
Austincautious@freenet.de,v5-Tv>FY
Adrianacrowded@chello.nl,)Z.Vy=35
handsomeHilary@live.nl,AWD9Xgk=
angryShawna31@alice.it,8C=nS&*a
poisedAdam@blueyonder.co.uk,kpd4PJ{a
aliveAlexander43@msn.com,tL*sym6@
expensiveMathew80@sympatico.ca,^Q$wz3UT
lonelyKatie@frontiernet.net,&yJ9Tb5L
Johnnypoised@yahoo.com.sg,AJca3%Te
Ashleighcalm@aim.com,Q8Gu]2CM
Randallagreeable@live.com,?f+wwK&2
Sheilablack@att.net,^(V2Y>cp
poisedBrenda47@blueyonder.co.uk,4_c3Gw+h
selfishOmar@hotmail.com,F4LXVrr+
uglyKelsey1@terra.com.br,m3+_ZgR!
Reginaill@wanadoo.fr,ANBaR(5u
easyLucas@freenet.de,C7vfpg!e
Sierraclumsy@tiscali.co.uk,KM-J3CqU
Bridgetlonely@bluewin.ch,8N&eB-A+
creepyShannon15@arcor.de,be9{]p)B
brainyJacob43@gmx.net,%tThD2.f
worrisomeMayra@gmx.net,$>95hLss
modernMarvin@web.de,*M-6A.g/
enthusiasticRonnie@live.co.uk,X&3f7rjY
Wesleybusy@yahoo.co.in,{9qSS4@=
disturbedDiana76@yahoo.co.uk,!k(m/Z!8
openKristy9@windstream.net,DC&_chF2
gorgeousHillary50@club-internet.fr,ev3J{)7F
lightAnthony31@frontiernet.net,q5RU%YwM
braveShawn50@yahoo.com.sg,aX6Pm)x}
wickedHeather50@neuf.fr,w8-d8aDy
Paulafine@yahoo.com.au,Z]>7q{x!
comfortableTerry@ig.com.br,4)GKt=*x
boredZachary55@mail.com,9_m.88VJ
difficultJanelle@googlemail.com,0
Loriworrisome@sympatico.ca,y!N2syFF
bewilderedMichele@hotmail.es,}Gm3K4y.
agreeableMelody@yahoo.es,.n{8C(cS
Sharoncheerful@live.com,7UCZWs/r
fantasticChelsea@msn.com,dR$6gM.y
Douglasspotless@yahoo.com.br,6{S].(&x
carefulGary@sky.com,C2+9k(aC
richAdam0@yahoo.in,ef4D)NS-
Keithpanicky@live.com.au,]2T{HjF3
victoriousKathleen10@neuf.fr,5^hp6M>S
Tyronereal@laposte.net,b>YZvH4K
Jasmineglamorous@blueyonder.co.uk,{%tv9gCq
defiantDane@bellsouth.net,YVL?J6gV
Spencerthoughtful@mac.com,q637DZ&A
outrageousGregory@hotmail.es,aepcT2^j
Kristineglorious@orange.fr,.u$a6Cg/
gracefulCynthia21@yahoo.fr,GKTBu@7w
busySteve@tin.it,5+c=dN!B
modernAmber@aol.com,E!$dE8-A
Ronaldrepulsive@msn.com,7KK&NzzR
foolishLindsey@outlook.com,@^u/9AR5
powerfulLance92@hotmail.it,sA=7(.bB
blueMarie@live.fr,=W5!n7Jy
livelyHolly@yahoo.com.au,_B!cJB8{
Alexbloody@wanadoo.fr,{UX=-n4V
shinyAlison@live.it,)W4Lx)yV
Claytonlight@sympatico.ca,P35sr%Q$
goodTonya67@rambler.ru,At-7T_ax
zanyRaymond13@voila.fr,yD2k6w>N
breakablePedro@laposte.net,n3J${MRY
Charlesimpossible@libero.it,t6F($X}H
hurtRandi39@terra.com.br,HzR6]_-N
Brycerepulsive@aol.com,YN6$qFcu
determinedKaitlin10@verizon.net,^)3VWZra
cooperativeJordan@tiscali.co.uk,s+FDGy&7
sleepyMathew@bol.com.br,4cTqm[bS
jollyAmber46@arcor.de,.{7+%D{h
Kelliedrab@msn.com,%rheK4GK
franticAlisha@zonnet.nl,*5!A(5v7
Philiphelpless@virgilio.it,8R3u>BE&
courageousNichole@skynet.be,us-8%fqG
condemnedKendra41@mac.com,Q$v_Xp2s
goodBrenda@bigpond.net.au,#NAME?
Alexdangerous@outlook.com,h)PB!=n3
cloudySpencer35@yahoo.es,x6rLc/[K
Dawnamused@hotmail.co.uk,)qPFyk5$
nastyFrancisco@cox.net,XtU8k{an
Kristiblushing@mail.ru,hgEU2C5(
Maryworried@alice.it,^m=73%uX
Joyputrid@yahoo.com.au,SFg(9ta3
happyDiane85@rediffmail.com,@4.E.Cdz
Hectorjoyous@yahoo.de,E/rWmDc3
aliveFrancisco@tiscali.it,9N9%JLyA
old-fashionedClaire89@zonnet.nl,Y)7.K*qs
blue-eyedNikki54@outlook.com,k-UuCT7T
annoyingVirginia20@planet.nl,C?T79q5y
Dawnfancy@virgilio.it,_akT3x(-
colorfulKathryn4@yahoo.com.ar,3KrNjES.
Sharonugliest@web.de,W429[C7r
awfulKeri32@blueyonder.co.uk,Fs9.3B29
Jonbloody@t-online.de,f5u9K]r3
homelessJamie80@hotmail.es,+>kg4D>d
selfishChristy@laposte.net,5F)92{e[
uptightKelli@yahoo.co.in,M]^d(X9j
lightCaleb79@optonline.net,(p[p=p5N
gloriousPatrick45@bigpond.net.au,r{%e3Qt@
Edwinfair@sfr.fr,a5bZST9>
Mirandawild@blueyonder.co.uk,s4_kDfL)
dullDevon@yandex.ru,6f.vcF_b
bloodyJon50@hotmail.es,2feP+U=C
betterColleen@yahoo.com.br,aSnA]2[?
repulsiveThomas17@yandex.ru,rWuT+/4%
spotlessLucas65@windstream.net,r@{pxLm6
Lindseymodern@aliceadsl.fr,7FR+Rr.P
inquisitiveAdam48@live.nl,ZYtXM(V8
Nicholedifferent@live.nl,{{q]r8+Q
enviousKristi47@yahoo.es,9Acs$MKF
confusedDevon72@yahoo.fr,]Z[4hnBg
Taracolorful@ntlworld.com,H4c9B*5h
alertJohn16@club-internet.fr,)/!+7qdK
Dylantroubled@rediffmail.com,S%@Ec4%(
Adrianacharming@t-online.de,($8W&+@u
betterJon@uol.com.br,(!SJ8JeX
brightRaquel@sympatico.ca,xb)W*4k7
funnyJermaine81@gmail.com,g7}CvLen
fierceNikki@hotmail.es,C+Q*%4Ab
aliveCandice53@ig.com.br,_qs3DF-9
fancyCorey@gmx.de,WuA)5uJK
modernSarah55@virgilio.it,NT9a?Nf)
homelyBonnie@optonline.net,4KbX]Q}*
ashamedJenny80@bigpond.com,UQf5+/e$
Kelliehelpless@voila.fr,mY%7=&W?
Robertjolly@aol.com,K2rr$XL-
old-fashionedBrandi@yahoo.de,]78WNq@Z
fairArmando@zonnet.nl,2*8WqvqN
gloriousAlejandro@wanadoo.fr,}cx>ST6a
Julianexpensive@msn.com,3_EZfh62
delightfulJeremiah@ymail.com,KreF@d6E
encouragingLogan22@yahoo.co.uk,mk7Q%y7^
lazyAshleigh@facebook.com,%cZgGj(5
defiantCorey30@virgilio.it,$U}=>6cM
Clintonaggressive@zonnet.nl,KDs5Vs}9
jollyRobert84@charter.net,2gwPZJX&
Ginasleepy@live.nl,yU_-uy*2
gleamingJerry57@voila.fr,C.wU^T-2
drabCarmen60@planet.nl,(hzSR/9@
handsomeRicardo@yahoo.co.id,9P/X_rbA
plainRyan79@laposte.net,n8dA}]j}
Alyssanasty@ntlworld.com,9@bJX%>X
Cristinashy@live.co.uk,k8[Pge8k
plainDevon64@msn.com,bUhg$=e6
blue-eyedCalvin@yahoo.com.mx,xN@Bsr3N
troubledAustin@cox.net,w^mhAJm3
Sheenaadorable@gmx.net,T3jE@S!p
Kristenwide-eyed@tiscali.it,S%W@+?d8
Joelkind@orange.fr,cx/S[y)9
muddyVanessa23@verizon.net,V/Hm^h7q
wittyShane@yahoo.com.au,fm4e6h]X
gorgeousDaniel@qq.com,+/nQv8*5
angryLatasha@yahoo.de,YHrm}Yf5
Stefanietroubled@hotmail.es,8Rqv[J}+
elegantAustin@aim.com,>m2SzVG&
Sergiopuzzled@yahoo.in,cTF)9bBx
importantAdam@yahoo.com.au,&GaF![3r
condemnedKevin39@bol.com.br,ja_2+_W=
uptightLuke@skynet.be,Aww}[H59
Trevordefiant@yahoo.com.au,2D3]z+UD
hungryGloria27@bigpond.net.au,U3BZBvL%
homelyKeri@live.com.au,H*mxrA5y
lovelyBrenda@yahoo.co.id,e$WA{fR8
Kerihorrible@verizon.net,8ruS@f?Z
Kevinexpensive@telenet.be,2K$VkP5J
soreShawna@yahoo.co.in,ku@]cN!9
Margaretobedient@live.it,e9Q[/!k}
doubtfulSpencer@hotmail.de,}9Xq![mn
annoyedDaniel@tiscali.it,Z[szJ4gQ
thoughtfulChelsea@sfr.fr,}yyvJX5K
vivaciousSteve@yahoo.com.au,t&2Dp{ZZ
badNicole2@yahoo.ca,88r[GmVm
homelyLuke12@yahoo.in,RFa2N(3S
delightfulMarc73@juno.com,2J}sgZ[+
Theodorehilarious@juno.com,5d?8?{Jn
uglyStephanie5@yahoo.it,G_LTgQ2>
fairKari@live.com,N_r2z2fJ
friendlyApril92@ig.com.br,}375*yNw
vivaciousReginald@bigpond.com,U*8K$Mn!
Saradistinct@hetnet.nl,$x2>S.^7
unsightlyRussell@me.com,}=49f.qB
vivaciousPhilip91@tin.it,]X9BjuHj
distinctJaclyn@orange.fr,K3Z>yA-Z
Nicholeclear@gmail.com,@6c-Vjb@
Davidadorable@bluewin.ch,2d^Vk[X8
tenseTanya12@live.ca,2pR$&eVe
Mirandaevil@outlook.com,eg5D=G^R
motionlessBarbara2@sky.com,nt!Sy9_S
fairStefanie48@skynet.be,?Ch@X26u
Manueldelightful@yahoo.ca,q>QRC=3v
quaintKrystal@msn.com,E>]@F/v4
putridMisty@yahoo.com.au,_6&s&^]A
grumpyLacey64@earthlink.net,*jZ&cXM2
scaryDaisy52@bigpond.net.au,Sx6-4A+C
gentleSierra51@cox.net,9zj/T7-v
dullChristina25@hotmail.it,KY.4sAA+
Albertcomfortable@virgilio.it,=23aRzh[
Courtneyfamous@rocketmail.com,Zd9?t(y.
badRonnie@free.fr,.*d5LW&?
Jonathanstormy@rambler.ru,$2CU!hHq
encouragingKelly@libero.it,8p-^$WM8
expensiveAngelica12@blueyonder.co.uk,K}*@mc@8
Erikdifficult@virgilio.it,Vh+$4(PB
Amandasmiling@tin.it,v8]q$FQ8
fantasticDevon13@home.nl,FYH+j/@6
importantDonald42@gmail.com,}xf/=P3L
averageJamie6@laposte.net,MAK8jM&T
Reginaldlazy@shaw.ca,TkW$Z4$P
Anasuper@ig.com.br,BqL$u]72
Abbybusy@mail.ru,FR!reJ&7
dangerousShawna80@hotmail.co.uk,zYC9_yzX
breakableCheryl35@yahoo.com.ar,zqY!48dj
openKate@yahoo.com.sg,4p-e5Pp_
Ameliadizzy@bellsouth.net,s9CZ]NM/
Austinenvious@tiscali.co.uk,uEat?79u
fairCaitlin3@wanadoo.fr,5(sPCu9X
Lukeaverage@yahoo.com.ar,tPDc%5jx
Kelliedangerous@live.com.au,Y$E7e@K]
Ashleyfrail@me.com,.CN9GGx+
sleepyHaley6@yahoo.es,c-7YZ9[2
putridJaclyn34@rediffmail.com,Z5QK%*Xe
preciousLuis22@yandex.ru,tx5nY@_B
smilingAshlee38@aol.com,e{f5PH}*
braveTheodore@live.it,H-GJH>6x
boredKatie39@orange.fr,6@C.7T{h
lazyBryce@earthlink.net,FaYJ)>4W
Marcocurious@zonnet.nl,y9EsH[)g
Tonycharming@yahoo.de,Z&Kehk_2
fierceSergio@optusnet.com.au,TD$d$T6Y
strangeGina43@hotmail.es,U9_5-AvG
preciousDerek57@hotmail.de,2azd!YU9
luckyMichael@mac.com,)Hn2uKeX
Joshuafine@yahoo.es,u(/Zk5Db
horribleKelli@hotmail.fr,/z2CRAnV
Audreyquaint@yahoo.com.sg,a?Rm^e63
Jessicaenvious@earthlink.net,&=_FpV95
grumpyRoger@rediffmail.com,xnJ/DhZ3
creepyKelli@shaw.ca,T2aH.Lrx
innocentVictor30@voila.fr,/RF3y35+
dullChristine@sympatico.ca,&-6jE)Ev
blueBrooke@verizon.net,h{dF2c[-
Danielleangry@msn.com,>F7Ge]KL
ugliestKathryn@rambler.ru,B$*2Az{p
amusedRuben@yandex.ru,_j()!.3U
perfectManuel@facebook.com,J5M4^ezm
wearyJeremiah@me.com,?[&9t$T7
concernedAllison61@live.nl,h2aJa^AX
luckyJake51@telenet.be,&HsyMk/2
splendidJames@msn.com,mAjt{5%w
distinctDerrick@bigpond.com,c4r]_F]?
livelyAlana25@windstream.net,QHbhf7?F
angryCheryl25@chello.nl,P=-@5syp
Marthamuddy@msn.com,kN_6fxRP
Charlotteclean@sfr.fr,B?EK=p7?
Antoniofoolish@hotmail.de,)K*ns53n
longCatherine@yahoo.com.mx,X(2^p{3z
Sergiounusual@mail.ru,nT%d5&(s
victoriousKrystle@bigpond.net.au,+xAN]xp8
niceMarissa@gmx.net,gxLb3)=w
braveMisty@gmx.net,*NqHb4cv
zealousCameron81@ntlworld.com,jx{M6@.B
goodAnna@yahoo.ca,nJk^8=Db
betterJustin@t-online.de,UG8+9g_U
vastTaylor91@live.ca,?qbS4ZJ9
bloodyGeoffrey@chello.nl,8$Uysf/w
adventurousTrisha99@verizon.net,mbV3ZS@=
betterAllison@mail.com,dw[u=2Y&
smilingPriscilla@ig.com.br,&S}C7KzH
wanderingKimberly@optonline.net,$Wk8.]uK
Christianhelpless@mail.com,/X?7FN]b
ugliestEric29@live.fr,-P@w@$3r
colorfulJack@verizon.net,j624Mr^e
Jameslucky@gmx.de,9R+4Gt+N
darkNoah@yahoo.com.ar,!5MUz[)p
niceHillary@zonnet.nl,4*uwy}Wc
enthusiasticStefanie8@hetnet.nl,Qwtw_@4/
longAmanda@gmx.net,>M4N$(Ab
eagerKelly21@frontiernet.net,CWHQD6d[
nastyAshley97@shaw.ca,2xBbQMN{
excitedPaul@voila.fr,mQRD%b98
cloudyMarvin60@me.com,8BF)FjVf
modernJames41@tiscali.co.uk,wSA4h^RU
proudJorge@wanadoo.fr,SB2X_ke?
Tinatired@club-internet.fr,%6yHY2LE
Craigfrantic@yahoo.de,m>(D_8L%
Garybloody@yahoo.com,)9Jr4@rB
Kathrynstormy@hotmail.co.uk,(6Jc$b7&
betterCarly69@mail.com,9Gw(%hbM
distinctCandace90@yahoo.in,N{m4tt5]
kindCarly@live.nl,)]pE7-a(
Carolinevivacious@tiscali.co.uk,RH4z4_>g
aliveBrittney92@neuf.fr,8SAj9k+]
Jordanjoyous@neuf.fr,4+cry$Qw
Lukebored@hotmail.co.uk,3/L9p98Q
Cherylfancy@live.co.uk,]3yP/3GK
blushingBarry71@hotmail.com,sGP[nMB6
beautifulAlexander37@live.co.uk,&5xu>L92
kindClayton@live.fr,8h%2dM!t
defeatedJacqueline64@free.fr,3+W@TNv}
cheerfulAustin26@bigpond.net.au,g5(REr4U
sparklingSuzanne@yahoo.it,M@n3G6>S
disgustedEugene95@tin.it,&-4}jzCy
Wayneill@earthlink.net,{fc9xk@R
innocentAlberto46@windstream.net,(jF7L$-?
Franciscoquaint@qq.com,8]fWGC$D
distinctBrad@qq.com,u[j9eY]A
Bonniecrazy@sympatico.ca,-fq_L/&5
frailLisa@mac.com,qu3Vwbt>
ugliestBrooke55@aliceadsl.fr,/2mFFnS_
Emmanuelalert@chello.nl,u(mJ2a7!
difficultAmelia69@charter.net,?GQ4U/c(
embarrassedRafael52@bigpond.com,7W_p9wn^
nastyAmber39@mail.com,!KDd8gNP
averageLuke73@live.ca,%.WSbr7W
agreeableJenny@bluewin.ch,5FPVwA+H
Allisonvictorious@yahoo.co.in,>4rL3%JK
jealousJoshua@aol.com,+C47tz-S
friendlyAndres@optusnet.com.au,S(h/2_p8
homelyCrystal@blueyonder.co.uk,vd4.CAJy
Matthewcloudy@live.nl,SmdU5@c!
poorMary@tin.it,ydY3.r$q
blushingTheresa@uol.com.br,-bytYZ]3
easyRobin@yahoo.com.ar,zA)a7nMf
poorAllison31@aol.com,J-nEZ[!4
helpfulCaroline51@yahoo.com.sg,4LQXw9V>
evilShanna0@planet.nl,!RtQ7bu-
Adrianaglamorous@centurytel.net,84s+B3vU
magnificentPreston34@live.nl,6Fp%E-d{
sillyJoy@live.nl,@s!NNR3E
Stephenthankful@planet.nl,._/bV3$H
Tammyexuberant@chello.nl,%Rz4qA7+
Brentfantastic@live.co.uk,GM%b4&f>
giftedJaime2@yandex.ru,h6m{HtUC
brainyMarc8@planet.nl,KW+G&Qp9
Ericacombative@live.com,dJ2Ka3F+
Levicurious@telenet.be,]B@3Q^dj
handsomeDarryl23@live.com.au,6/PrKA.m
illJason@yahoo.com.br,gN5Qh.-w
longDevon1@yahoo.in,NMr(Rp4c
expensiveJaclyn@msn.com,R=-&4.hN
exuberantSean@yahoo.es,nR8s>AFT
enviousIsaac@gmx.de,({pBX4@U
comfortableCurtis@virgilio.it,>txq5Dgk
Mitchellsore@ig.com.br,Et9SNS+H
old-fashionedRaymond@live.com.au,KxjJ*/9r
gentleJimmy@tiscali.co.uk,cJY*FE2K
Dawndistinct@rambler.ru,7N55X/gr
Zacharybewildered@bellsouth.net,$ykE6*Y4
aliveBrad0@bigpond.com,8ZJ6&g[d
hungryYolanda8@bluewin.ch,qT7/7}cf
Lindseyspotless@blueyonder.co.uk,^293Fx+>
Katrinaweary@zonnet.nl,x7^sNX+[
lazySharon@yahoo.de,6[fZ>wp6
motionlessJoshua26@skynet.be,>zQ^&G*8
Karlgleaming@yahoo.com.br,2RxYv}/@
Tinaodd@hetnet.nl,%t5)fa>L
Rachaelpuzzled@live.com,4(eCVdVY
clearJay39@comcast.net,GXq(X!8[
Toddenergetic@qq.com,[4_$WKWh
Tristanzealous@neuf.fr,*{pYLX4v
colorfulRandy@virgilio.it,{QkU8t*(
delightfulKenneth@msn.com,.hhA8S6+
blackMarisa40@aliceadsl.fr,*__6CzR6
Jodialert@yahoo.com.au,R>9]Sx^_
braveZachary70@bol.com.br,6Gbn_4d.
blackAndre25@alice.it,5L=5hpXa
powerfulTyrone@tiscali.co.uk,w>Sm4bSE
sparklingKelly36@yahoo.com,!{+65WSp
magnificentDiane@yahoo.com.sg,5)!R@rWb
Antoniosplendid@live.ca,RNQX.!8g
wittyMelinda@windstream.net,#NAME?
eagerAlisha@googlemail.com,zHj93Y*5
depressedTyler79@home.nl,J/?a7vhP
Alishadifficult@optusnet.com.au,9DRw%WXL
famousIvan@me.com,53eN+Mf.
Ruthwild@me.com,f68C&]@j
Alyssaashamed@centurytel.net,+M7wU-)R
spotlessTamara@yahoo.in,WDUf}.W9
Jackvast@earthlink.net,7/szEC4h
livelyKellie4@yahoo.fr,F5/2PLYv
breakableKristin@tiscali.it,Lh6HvR^m
toughDarren60@tiscali.co.uk,h8M6W@dX
unsightlyWendy92@arcor.de,4nZ]]vp(
oddTyrone62@web.de,UQ3gED)j
proudSummer80@shaw.ca,9McK/[8S
wickedDenise90@msn.com,RXTnZ2*Y
Taylorill@msn.com,dNEJ^nA7
Jessieinquisitive@centurytel.net,U?g3$/S2
exuberantErik56@ntlworld.com,Q-N2yrR3
Pameladefiant@voila.fr,yT8(em5+
muddyOmar71@tin.it,%K5G_T4m
pricklyKristen@yahoo.com.mx,Kp9D2.%*
bewilderedMelody@aol.com,M5Mp]gj(
Cassiemagnificent@msn.com,Hf5B!PYQ
Marisatroubled@hotmail.de,7$?n+S[r
Timothymysterious@terra.com.br,/DAE99+c
Christiefriendly@live.ca,r(Djq/7j
comfortableCaitlin@yahoo.co.jp,4Gh^7aE&
muddyTyler95@me.com,bQ8xSV[_
Melodyhelpless@alice.it,LE@mWk9^
Antoniosplendid@ymail.com,&y(d3}dB
stormyCassie95@wanadoo.fr,=5EZhZGW
sparklingMichael@att.net,)a8Dw$AP
Stevenlight@ymail.com,(3X}*vz.
arrogantKara16@skynet.be,qW>[V@7[
Philipill@aol.com,Ma(.]n5$
itchyNicolas@yahoo.fr,*=3S8q?5
foolishSandra16@free.fr,f4@KPX=*
colorfulMarisa6@sbcglobal.net,ENH3fbQ[
ashamedGary@live.com,pv&*%F8h
Javierfine@hotmail.co.uk,>Np_8tMe
Jasminenaughty@sfr.fr,?+hG&V9u
Alisontense@bellsouth.net,.7vknFg}
annoyedRicardo91@ntlworld.com,?ecpB5Jg
frightenedGarrett@gmx.de,G}t9tvwq
amusedRaquel@ymail.com,!2SzQ@r.
Eduardohelpful@verizon.net,@hTj}H4C
Brandyrepulsive@juno.com,UW-=^c{9
shinyCristina@shaw.ca,dupExA%2
oddMarie22@tiscali.co.uk,c64%r)DM
brainyCharles@hotmail.co.uk,3Na>>!5$
Rosawicked@optonline.net,D7}euJ!t
jealousMelinda89@yahoo.com.ar,GJhK9)T[
concernedMelanie@telenet.be,E..ZX7{b
terribleCraig21@ig.com.br,5cT%]^vZ
openEmmanuel@live.nl,r-[c=K9}
strangeFelicia@yahoo.com,h.6hWW/c
Malloryzany@live.fr,Rdx7Q[aa
Nicoleobnoxious@zonnet.nl,$6jBb9Bz
attractiveRegina@tin.it,QU4eDxd*
splendidBryan83@free.fr,Nz}*4mjJ
repulsiveNoah@libero.it,rR3!L@X2
combativeDanny40@tin.it,RU47Ea(r
tiredAutumn73@freenet.de,FKQ2-c_5
Jorgesparkling@wanadoo.fr,jn2[+5Ys
embarrassedJose@facebook.com,4bq9_>J_
Alexandrawide-eyed@yahoo.com.ar,4(N4f}$b
clearNaomi@yahoo.it,m8kA)nT>
fantasticDylan28@mail.com,3X44(qP)
Emmanuelmodern@libero.it,JV?]fe2n
richHenry91@telenet.be,#NAME?
bewilderedArmando@hotmail.it,pXwHLF?4
tenderSophia@sfr.fr,[X5>dSQJ
wittyMarcus80@att.net,shvHfz+6
grievingJared20@aim.com,9*Dthd+[
toughNeil@wanadoo.fr,h/@&8ZV*
shyAnn56@libero.it,7B49q({k
fairAntonio@live.it,U%W9BMsM
cruelLouis@live.co.uk,)p4Ad*np
Calvindark@live.co.uk,4t+Sh]?R
scarySummer@live.com,87!pEGMS
oddJessie@hetnet.nl,Y9[z2tL]
Kennethclean@earthlink.net,@dN=xfS4
Christineinnocent@outlook.com,P8@e+v9[
puzzledEric79@wanadoo.fr,h^)=8daE
Hilarydull@telenet.be,YT?B599a
frailBrenda25@verizon.net,!.y5*K*r
tastyAlisha29@yahoo.de,Edjq3}H?
soreAndres82@rambler.ru,%s8P.3uj
gorgeousJaclyn@sympatico.ca,mJ_]2L?3
successfulKimberly70@bellsouth.net,f5?&zA>[
expensiveOlivia@mac.com,Jw/c9s>d
doubtfulJose@yahoo.de,zHgW}b3E
superSavannah42@mail.ru,2u+6Nq7@
sleepyMatthew29@rediffmail.com,T2Cj=.Ls
filthyAlexandra@ig.com.br,seM9[S^8
perfectDeborah@t-online.de,r[7mJ4dY
jollyDavid53@mail.ru,8mraS*&G
putridDarryl@yahoo.com,4F9f@kA!
calmDale@optonline.net,JJnybe5@
shyTristan57@yahoo.de,GKL4g^Sf
crazyGarrett54@qq.com,](4P%S!k
fragileSarah@yandex.ru,W5_qR6VM
Adriangleaming@sfr.fr,}u8qVdTR
Williegorgeous@live.nl,4a%9WwjD
busyJasmine51@hotmail.fr,*)2r(]4B
aliveKaren@yahoo.co.id,d%!xAhR8
depressedAlexis0@sky.com,En(QbZ%5
magnificentNaomi@yahoo.in,k}tW3AEP
darkFelicia@qq.com,2?_bH6Tn
fairSarah55@hotmail.de,98j)]*R+
cruelMegan@aol.com,7LGQjB?y
Joannaimportant@centurytel.net,DQ$^t9M6
Michaeltalented@msn.com,Z8DZ>BUw
excitedColleen@telenet.be,anJ4?L3}
blue-eyedElizabeth8@virgilio.it,t$Npv88s
Tyronedifferent@yahoo.fr,u2Fj{S4X
uptightSierra57@mail.ru,4M%BbPCK
nastyCarrie@yahoo.com.mx,^C5Sx2!p
expensiveMarisa@yahoo.ca,5WgG3{A6
goodPriscilla22@terra.com.br,>9a}n)aC
energeticBlake@bigpond.com,bu{s5LY(
motionlessJuan@laposte.net,p6>S+HRr
differentKristen@mail.ru,8(tYsA*D
naughtyBruce@freenet.de,kY/z-w94
kindLawrence4@hotmail.de,3Teh!k6^
obnoxiousJimmy@mac.com,5P}7^FFm
Theodorescary@terra.com.br,.pLtTm?9
enviousVincent@virgilio.it,zK7Z}5J=
Nicolashandsome@charter.net,Z6Em]7nX
Alisonjittery@verizon.net,32X2A$s2
lazyDrew@chello.nl,3)}?r]9Q
hurtAdam34@virgilio.it,%NNK9Yu/
fantasticKate@windstream.net,3[3L%kyB
agreeableTheresa18@chello.nl,NcCS9@Dh
outrageousAngel51@live.com.au,Wuhh74X$
helpfulJoanna@arcor.de,8uHC)n8A
brainyJohnny@telenet.be,L5Q?hD!X
comfortableMonique@hotmail.co.uk,73bw%ATX
Kaylauptight@ymail.com,d/]bDcY2
jealousMitchell90@live.nl,rVDU+&6J
Franciscoobnoxious@juno.com,j3Qr-ay2
putridJaime@live.fr,SUwR>[2u
Darrylexuberant@wanadoo.fr,-xcC6SR+
illHillary58@yahoo.es,(SN4BWb7
thoughtfulAustin89@uol.com.br,ub)Kxn]7
proudAlisha@yahoo.co.id,cG(=whz6
Joynaughty@orange.fr,GBBR/9Tt
thoughtlessRobyn38@live.nl,5fmywX=%
Jeffreyadorable@tin.it,RB*?w/8c
nervousDominic87@yahoo.de,*Hz@32WV
Bethbusy@blueyonder.co.uk,yC.5{Prc
blueErnest@bol.com.br,Z4Xj@xQ3
elegantRaquel64@verizon.net,p)Zj]}p2
drabCaitlin@mail.com,23=J$Jk-
Erinclever@qq.com,Y5Lu)32F
gleamingJames@yahoo.in,4=$XDa!8
Kristopherfriendly@facebook.com,v$8VVHs[
helplessShawna@cox.net,uM)vwg3A
Geoffreytender@uol.com.br,/vv!5eDe
happyJoy83@hotmail.co.uk,Fp>Cb95k
Brendandifficult@web.de,t[JGA^/8
badTroy78@freenet.de,-{h+JH3p
bloodyLogan@yahoo.es,8{kbNnUY
smoggyKate@comcast.net,=2jwK}5$
creepyDominic@voila.fr,B9ChX9[Q
franticKellie@hotmail.com,zZG27>PU
wanderingCarl59@web.de,/LPjQ2r.
Manuelstrange@sfr.fr,Cc2+Cffu
sparklingEmily@bol.com.br,v3[C]+kx
worrisomeDesiree@hotmail.fr,qYC4q-_B
enchantingMelissa@optusnet.com.au,g=L^8NJ4
Jackjealous@planet.nl,u7d-5zFq
Carrieclean@verizon.net,)=/V6Cg_
Marthaglamorous@charter.net,{4V@)fsU
Krystalstupid@hotmail.de,k9/x93L^
troubledLee@ig.com.br,.+-c=X44
beautifulDouglas@hotmail.it,qRx3(ykY
repulsiveJill@home.nl,8)qEF(b]
toughChristian@live.com,E9*5b@)x
Jesseuptight@hotmail.it,8t6xJ$Nd
Mariaarrogant@yahoo.co.in,NThC4uH{
Clintonmotionless@shaw.ca,363X(]2t
ashamedBarry@me.com,)D!69Hkn
Kellyhealthy@centurytel.net,^*eU+2kk
handsomeChase@hetnet.nl,asH/(x2.
Geoffreyshiny@mail.com,[hUh@[3V
nervousHenry@aol.com,7@QwWzy_
Cristinabright@rambler.ru,6mbh][L>
mistyJoel@juno.com,mkV8v3[t
Summernice@skynet.be,ZDQ5-cN-
tenderStefanie@windstream.net,h%X%/5FT
drabJon@terra.com.br,@vbRHm3W
franticClaire@frontiernet.net,4?j9)DD$
Latoyaencouraging@qq.com,5+D4s4NH
Bethgood@sbcglobal.net,39[x[KGU
Angeldark@hotmail.com,7QwbP!@t
Gracepoor@arcor.de,Cdh/m8ES
longLance@mac.com,[WLz23Ts
Raquelshiny@skynet.be,7pn*M6}h
healthyJasmine63@optusnet.com.au,%p&sz?6L
Javierblack@optonline.net,6uY7>xcY
stupidShannon@freenet.de,=6LEbN]E
Melissadark@libero.it,@JpW5).]
cloudyOmar@gmail.com,797!zbjY
lazyDale9@live.nl,U9M}&px}
Robertjolly@mac.com,gZ4?8C+M
Kristineattractive@t-online.de,^.RfB2&$
ashamedMeredith@yahoo.co.in,T9t-Q}}w
panickyMarco@bol.com.br,6K-snngg
Ameliawitty@sky.com,bakK5^tR
pricklyPhillip@live.it,vh(C4mU6
longLuke34@chello.nl,S[t5=V/_
lazyAnna@sky.com,Kncf4x_2
Elizabethpuzzled@rambler.ru,Sjt)34%2
kindCaleb@windstream.net,vVqb4+QV
upsetLinda@blueyonder.co.uk,{6N@bj(L
